model,k,C,gamma,n_est,n_blocks,n_combos,auc_mean,auc_std,acc_mean,acc_std,j_mean,j_std,j_threshold_mean,p_high_low_mean,p_high_moderate_mean,p_high_high_mean
lda,10,nan,na,0,1,6,0.5529,0.117,0.5006,0.0014,0.1537,0.1237,inf,0.5009,0.5006,0.5017
lda,10,nan,na,0,2,15,0.5515,0.0833,0.5235,0.0462,0.1513,0.1034,inf,0.471,0.5215,0.5457
lda,10,nan,na,0,3,20,0.5377,0.0795,0.5279,0.042,0.1377,0.0936,0.5618,0.5218,0.5642,0.5896
lda,10,nan,na,0,4,15,0.5431,0.0683,0.5265,0.0385,0.1254,0.0959,0.4776,0.5087,0.5622,0.5789
lda,10,nan,na,0,5,6,0.5519,0.0592,0.5069,0.0315,0.1278,0.0795,0.3728,0.419,0.4546,0.4697
lda,10,nan,na,0,6,1,0.5486,0.0,0.4976,0.0,0.1214,0.0,0.2589,0.3625,0.3731,0.3763
lda,20,nan,na,0,1,6,0.599,0.086,0.4994,0.002,0.2095,0.1029,0.4997,0.5011,0.499,0.4999
lda,20,nan,na,0,2,15,0.59,0.0946,0.53,0.0422,0.1922,0.1259,inf,0.486,0.5553,0.5805
lda,20,nan,na,0,3,20,0.6096,0.0541,0.5454,0.0509,0.2164,0.0692,0.6042,0.5499,0.643,0.6818
lda,20,nan,na,0,4,15,0.6181,0.0242,0.56,0.0453,0.2257,0.0443,0.7146,0.6454,0.7538,0.796
lda,20,nan,na,0,5,6,0.6175,0.037,0.5589,0.0372,0.2164,0.0691,0.775,0.6997,0.7937,0.8378
lda,20,nan,na,0,6,1,0.5471,0.0,0.5121,0.0,0.0874,0.0,0.9405,0.8528,0.8759,0.8937
lda,30,nan,na,0,1,6,0.6055,0.0838,0.5,0.0,0.1982,0.1068,0.5,0.4999,0.4998,0.5
lda,30,nan,na,0,2,15,0.6203,0.0623,0.5415,0.0543,0.2328,0.0817,0.5233,0.4766,0.5599,0.5995
lda,30,nan,na,0,3,20,0.6308,0.0436,0.5506,0.0481,0.2421,0.0574,0.6134,0.5527,0.6515,0.6971
lda,30,nan,na,0,4,15,0.6453,0.0343,0.5622,0.0502,0.2615,0.0467,0.7291,0.6524,0.7715,0.8228
lda,30,nan,na,0,5,6,0.6491,0.0275,0.556,0.0292,0.2662,0.0448,0.8862,0.7615,0.8851,0.9266
lda,30,nan,na,0,6,1,0.6319,0.0,0.5485,0.0,0.2549,0.0,0.9177,0.7781,0.9136,0.9502
lda,40,nan,na,0,1,6,0.5885,0.07,0.5,0.0,0.1824,0.0997,0.5,0.4999,0.4995,0.4999
lda,40,nan,na,0,2,15,0.6326,0.0557,0.5408,0.0585,0.2461,0.0717,0.4642,0.4211,0.4906,0.5367
lda,40,nan,na,0,3,20,0.6432,0.0528,0.5462,0.0499,0.2574,0.0677,0.5675,0.5018,0.5971,0.6395
lda,40,nan,na,0,4,15,0.6512,0.0427,0.5646,0.0402,0.2764,0.0583,0.7611,0.6536,0.785,0.8382
lda,40,nan,na,0,5,6,0.6577,0.0293,0.5623,0.0282,0.2803,0.0541,0.913,0.7568,0.8873,0.939
lda,40,nan,na,0,6,1,0.6592,0.0,0.5534,0.0,0.3083,0.0,0.9277,0.7532,0.9044,0.9505
lda,54,nan,na,0,1,6,0.5432,0.1146,0.5053,0.0129,0.159,0.1257,inf,0.4771,0.4895,0.4954
lda,54,nan,na,0,2,15,0.6199,0.0883,0.5243,0.0505,0.2359,0.0984,0.3784,0.4627,0.5018,0.5285
lda,54,nan,na,0,3,20,0.636,0.0696,0.5401,0.0446,0.2456,0.0876,0.5382,0.5298,0.609,0.6482
lda,54,nan,na,0,4,15,0.6497,0.0465,0.5532,0.0432,0.2662,0.0722,0.7514,0.6731,0.7821,0.829
lda,54,nan,na,0,5,6,0.6554,0.0298,0.5506,0.0248,0.2852,0.0617,0.9182,0.7789,0.9087,0.9506
lda,54,nan,na,0,6,1,0.6596,0.0,0.5461,0.0,0.3058,0.0,0.9574,0.7962,0.9355,0.9671
logreg,10,0.003,na,0,1,6,0.539,0.0981,0.5184,0.0456,0.161,0.1093,inf,0.4342,0.44,0.4419
logreg,10,0.003,na,0,2,15,0.5479,0.0825,0.5097,0.0352,0.1576,0.1037,0.3834,0.3969,0.4245,0.4388
logreg,10,0.003,na,0,3,20,0.5519,0.0734,0.5135,0.04,0.1472,0.0851,0.381,0.4012,0.4233,0.4413
logreg,10,0.003,na,0,4,15,0.5686,0.0457,0.5288,0.0499,0.1589,0.0798,0.3603,0.361,0.3924,0.4131
logreg,10,0.003,na,0,5,6,0.577,0.028,0.5148,0.0364,0.1561,0.0544,0.2829,0.2958,0.317,0.3376
logreg,10,0.003,na,0,6,1,0.5732,0.0,0.5,0.0,0.1311,0.0,0.1898,0.2367,0.234,0.2463
logreg,20,0.003,na,0,1,6,0.569,0.0758,0.5198,0.0334,0.1978,0.0959,0.4258,0.4257,0.4533,0.4638
logreg,20,0.003,na,0,2,15,0.584,0.0914,0.5184,0.0401,0.1966,0.1043,inf,0.4321,0.4705,0.4931
logreg,20,0.003,na,0,3,20,0.6206,0.0504,0.541,0.05,0.2365,0.0526,0.4341,0.4061,0.4684,0.5061
logreg,20,0.003,na,0,4,15,0.6276,0.0345,0.5416,0.0483,0.2442,0.05,0.4525,0.4335,0.4955,0.5347
logreg,20,0.003,na,0,5,6,0.6335,0.0334,0.5651,0.0441,0.2435,0.0672,0.4989,0.4681,0.5371,0.5839
logreg,20,0.003,na,0,6,1,0.5692,0.0,0.5413,0.0,0.1189,0.0,0.6553,0.6379,0.655,0.6774
logreg,30,0.003,na,0,1,6,0.5955,0.0723,0.5123,0.0261,0.2087,0.0944,0.4372,0.4394,0.4669,0.4778
logreg,30,0.003,na,0,2,15,0.6207,0.0626,0.539,0.0497,0.2442,0.0655,0.4359,0.4191,0.4787,0.515
logreg,30,0.003,na,0,3,20,0.6389,0.0321,0.5551,0.0512,0.2567,0.0323,0.5174,0.4617,0.5413,0.5813
logreg,30,0.003,na,0,4,15,0.6499,0.0197,0.5583,0.0408,0.2786,0.0284,0.5747,0.5008,0.5937,0.6422
logreg,30,0.003,na,0,5,6,0.6591,0.014,0.5698,0.033,0.2848,0.0224,0.7051,0.5942,0.7063,0.759
logreg,30,0.003,na,0,6,1,0.6582,0.0,0.5934,0.0,0.284,0.0,0.68,0.5957,0.7326,0.7879
logreg,40,0.003,na,0,1,6,0.6056,0.0762,0.519,0.0271,0.2148,0.0893,0.4327,0.4026,0.4371,0.4512
logreg,40,0.003,na,0,2,15,0.6319,0.0606,0.537,0.0489,0.2539,0.0662,0.4618,0.441,0.5012,0.5368
logreg,40,0.003,na,0,3,20,0.6484,0.0307,0.5585,0.0536,0.2723,0.0347,0.5266,0.4686,0.5545,0.5983
logreg,40,0.003,na,0,4,15,0.6506,0.0183,0.5534,0.0436,0.2816,0.0239,0.6287,0.5458,0.648,0.6928
logreg,40,0.003,na,0,5,6,0.6534,0.0104,0.5643,0.0364,0.2921,0.0199,0.7075,0.6014,0.7199,0.7705
logreg,40,0.003,na,0,6,1,0.6521,0.0,0.5789,0.0,0.2985,0.0,0.7276,0.6321,0.7711,0.8226
logreg,54,0.003,na,0,1,6,0.5837,0.1104,0.5269,0.0395,0.2055,0.1038,0.417,0.3928,0.4293,0.4421
logreg,54,0.003,na,0,2,15,0.6302,0.0843,0.5363,0.0473,0.2615,0.0723,0.4844,0.4573,0.5264,0.5622
logreg,54,0.003,na,0,3,20,0.651,0.0354,0.553,0.0527,0.2802,0.044,0.5711,0.4997,0.595,0.6367
logreg,54,0.003,na,0,4,15,0.6519,0.025,0.5578,0.0406,0.2843,0.0343,0.6607,0.5661,0.6745,0.7175
logreg,54,0.003,na,0,5,6,0.6514,0.0132,0.5649,0.0259,0.2957,0.0174,0.748,0.6344,0.7615,0.8077
logreg,54,0.003,na,0,6,1,0.6492,0.0,0.5619,0.0,0.3131,0.0,0.8053,0.6752,0.8201,0.8669
rf,10,nan,na,200,1,6,0.5261,0.0273,0.5028,0.0143,0.0809,0.041,0.4367,0.4058,0.417,0.4192
rf,10,nan,na,200,2,15,0.5546,0.0551,0.5058,0.0189,0.112,0.0792,0.2767,0.2993,0.3055,0.3182
rf,10,nan,na,200,3,20,0.5645,0.0451,0.5093,0.0135,0.138,0.0653,0.253,0.2647,0.2629,0.2837
rf,10,nan,na,200,4,15,0.5545,0.0512,0.5123,0.0173,0.1206,0.0735,0.246,0.2389,0.2388,0.2584
rf,10,nan,na,200,5,6,0.5482,0.0263,0.5083,0.0102,0.0971,0.0328,0.23,0.2079,0.2092,0.2248
rf,10,nan,na,200,6,1,0.5349,0.0,0.5024,0.0,0.0947,0.0,0.24,0.1676,0.1657,0.1844
rf,20,nan,na,200,1,6,0.5544,0.0502,0.5069,0.0221,0.1388,0.0741,0.3367,0.3727,0.3899,0.3877
rf,20,nan,na,200,2,15,0.5532,0.0372,0.506,0.0196,0.1228,0.0412,0.2943,0.3008,0.3083,0.3176
rf,20,nan,na,200,3,20,0.5564,0.0355,0.5049,0.0151,0.1303,0.0457,0.2353,0.2491,0.2576,0.2689
rf,20,nan,na,200,4,15,0.553,0.0472,0.5053,0.0118,0.1248,0.0503,0.2373,0.2226,0.2306,0.2402
rf,20,nan,na,200,5,6,0.555,0.0352,0.5014,0.0023,0.1258,0.0394,0.2167,0.2264,0.237,0.2446
rf,20,nan,na,200,6,1,0.5759,0.0,0.4976,0.0,0.1578,0.0,0.275,0.2895,0.3035,0.31
rf,30,nan,na,200,1,6,0.5261,0.0447,0.5022,0.0077,0.0971,0.0577,0.3175,0.3329,0.3438,0.3419
rf,30,nan,na,200,2,15,0.5484,0.0472,0.5049,0.0152,0.1183,0.059,0.3093,0.3083,0.3202,0.325
rf,30,nan,na,200,3,20,0.5553,0.0307,0.5064,0.0145,0.1261,0.0441,0.231,0.2476,0.256,0.2642
rf,30,nan,na,200,4,15,0.5563,0.0426,0.5028,0.0061,0.1383,0.0423,0.2483,0.2398,0.2489,0.257
rf,30,nan,na,200,5,6,0.5525,0.0203,0.5006,0.0009,0.1177,0.0309,0.1958,0.2211,0.2338,0.2367
rf,30,nan,na,200,6,1,0.5395,0.0,0.5,0.0,0.1165,0.0,0.205,0.2425,0.2669,0.2621
rf,40,nan,na,200,1,6,0.5337,0.0479,0.5109,0.0171,0.0898,0.0396,0.3025,0.3453,0.362,0.3586
rf,40,nan,na,200,2,15,0.5404,0.0414,0.5065,0.0129,0.1086,0.0382,0.292,0.3003,0.3152,0.3169
rf,40,nan,na,200,3,20,0.5412,0.0359,0.5049,0.0087,0.104,0.0468,0.2443,0.2547,0.2659,0.2706
rf,40,nan,na,200,4,15,0.5543,0.0422,0.5024,0.0063,0.1236,0.0506,0.228,0.2257,0.2351,0.241
rf,40,nan,na,200,5,6,0.542,0.0277,0.5012,0.0019,0.1218,0.0272,0.2233,0.2274,0.2398,0.242
rf,40,nan,na,200,6,1,0.5443,0.0,0.5,0.0,0.1408,0.0,0.155,0.1747,0.1892,0.1851
rf,54,nan,na,200,1,6,0.543,0.0616,0.5061,0.0094,0.1088,0.0698,0.31,0.3428,0.3558,0.3542
rf,54,nan,na,200,2,15,0.513,0.0257,0.5028,0.008,0.0761,0.0362,0.2833,0.2738,0.2858,0.2828
rf,54,nan,na,200,3,20,0.5275,0.0257,0.5028,0.0112,0.0947,0.029,0.224,0.237,0.2477,0.2497
rf,54,nan,na,200,4,15,0.5231,0.0252,0.5007,0.0018,0.0832,0.0364,0.195,0.2072,0.2182,0.218
rf,54,nan,na,200,5,6,0.5386,0.0276,0.5,0.0,0.1226,0.0267,0.1892,0.1868,0.2016,0.2005
rf,54,nan,na,200,6,1,0.5134,0.0,0.5,0.0,0.0995,0.0,0.155,0.1887,0.2038,0.1963
svm_lin,10,0.01,na,0,1,6,0.5051,0.0508,0.5125,0.0303,0.0765,0.0932,inf,0.4637,0.4845,0.494
svm_lin,10,0.01,na,0,2,15,0.5471,0.0604,0.5147,0.0446,0.1419,0.1047,inf,0.4137,0.4504,0.462
svm_lin,10,0.01,na,0,3,20,0.5483,0.0749,0.5223,0.0405,0.1436,0.09,inf,0.4246,0.4529,0.4762
svm_lin,10,0.01,na,0,4,15,0.5625,0.0496,0.5256,0.0491,0.1485,0.0775,0.3565,0.3676,0.4042,0.4295
svm_lin,10,0.01,na,0,5,6,0.5693,0.0399,0.5142,0.0421,0.1489,0.0616,0.2741,0.2879,0.3186,0.3456
svm_lin,10,0.01,na,0,6,1,0.5644,0.0,0.4939,0.0,0.1432,0.0,0.161,0.2228,0.2236,0.2342
svm_lin,10,0.1,na,0,1,6,0.5103,0.0673,0.499,0.0023,0.0595,0.0948,inf,0.521,0.5256,0.5258
svm_lin,10,0.1,na,0,2,15,0.5439,0.0524,0.5154,0.0305,0.1307,0.0993,inf,0.4457,0.4891,0.5008
svm_lin,10,0.1,na,0,3,20,0.5422,0.0608,0.5201,0.0362,0.1316,0.0843,inf,0.4504,0.4896,0.5031
svm_lin,10,0.1,na,0,4,15,0.5459,0.0647,0.5203,0.0473,0.1299,0.0835,0.4044,0.4251,0.4696,0.4872
svm_lin,10,0.1,na,0,5,6,0.5571,0.052,0.52,0.0349,0.1315,0.0661,0.3572,0.3819,0.4214,0.444
svm_lin,10,0.1,na,0,6,1,0.536,0.0,0.5049,0.0,0.1141,0.0,0.3392,0.4443,0.4612,0.4564
svm_lin,10,1.0,na,0,1,6,0.5224,0.081,0.5164,0.0394,0.0732,0.1106,inf,0.4729,0.5089,0.5268
svm_lin,10,1.0,na,0,2,15,0.5458,0.0528,0.5188,0.0344,0.1286,0.093,inf,0.4564,0.5015,0.515
svm_lin,10,1.0,na,0,3,20,0.532,0.0671,0.5191,0.0325,0.1262,0.081,0.5217,0.5023,0.5501,0.5573
svm_lin,10,1.0,na,0,4,15,0.5435,0.0651,0.5265,0.0407,0.1249,0.0895,0.4532,0.461,0.5102,0.5204
svm_lin,10,1.0,na,0,5,6,0.5515,0.0502,0.5115,0.0285,0.127,0.0694,0.406,0.448,0.4878,0.503
svm_lin,10,1.0,na,0,6,1,0.5236,0.0,0.5316,0.0,0.0874,0.0,0.5139,0.6005,0.6115,0.6109
svm_lin,20,0.01,na,0,1,6,0.5444,0.0415,0.5204,0.0507,0.1234,0.088,inf,0.4432,0.4732,0.4914
svm_lin,20,0.01,na,0,2,15,0.5662,0.0834,0.5251,0.0501,0.1545,0.1015,inf,0.4701,0.5212,0.5417
svm_lin,20,0.01,na,0,3,20,0.61,0.0451,0.5347,0.0512,0.2187,0.0617,0.5075,0.4651,0.5346,0.5721
svm_lin,20,0.01,na,0,4,15,0.62,0.0324,0.5442,0.0449,0.2303,0.0494,0.5284,0.4897,0.5619,0.6075
svm_lin,20,0.01,na,0,5,6,0.6238,0.0348,0.5763,0.0429,0.2282,0.0467,0.6354,0.5875,0.6877,0.7618
svm_lin,20,0.01,na,0,6,1,0.5505,0.0,0.5255,0.0,0.1019,0.0,0.8148,0.8339,0.8535,0.8852
svm_lin,20,0.1,na,0,1,6,0.5088,0.0601,0.501,0.0116,0.0647,0.1057,inf,0.37,0.387,0.3846
svm_lin,20,0.1,na,0,2,15,0.5558,0.0771,0.5145,0.0321,0.1434,0.0975,inf,0.5048,0.5552,0.5606
svm_lin,20,0.1,na,0,3,20,0.606,0.0477,0.5437,0.0555,0.2112,0.068,0.5392,0.5016,0.5905,0.6269
svm_lin,20,0.1,na,0,4,15,0.6232,0.0196,0.5497,0.0436,0.2338,0.0373,0.6412,0.5872,0.6858,0.7287
svm_lin,20,0.1,na,0,5,6,0.6304,0.0374,0.5674,0.0373,0.2233,0.0615,0.7397,0.6523,0.7671,0.8293
svm_lin,20,0.1,na,0,6,1,0.5392,0.0,0.5279,0.0,0.0777,0.0,0.6987,0.8172,0.8475,0.8737
svm_lin,20,1.0,na,0,1,6,0.5483,0.0763,0.4988,0.0027,0.1032,0.1077,inf,0.3383,0.3367,0.3345
svm_lin,20,1.0,na,0,2,15,0.5637,0.0722,0.5178,0.0379,0.1492,0.1008,inf,0.4923,0.5383,0.5473
svm_lin,20,1.0,na,0,3,20,0.6011,0.0447,0.543,0.0518,0.2091,0.0703,0.5317,0.4962,0.5853,0.6187
svm_lin,20,1.0,na,0,4,15,0.6318,0.0149,0.5619,0.0486,0.2383,0.0372,0.6262,0.5766,0.687,0.7388
svm_lin,20,1.0,na,0,5,6,0.6271,0.0511,0.5738,0.0407,0.2318,0.0817,0.795,0.6828,0.8098,0.8725
svm_lin,20,1.0,na,0,6,1,0.5311,0.0,0.5279,0.0,0.0752,0.0,0.9634,0.8537,0.8845,0.9023
svm_lin,30,0.01,na,0,1,6,0.5421,0.0735,0.5182,0.0407,0.1218,0.1011,inf,0.4439,0.4711,0.4921
svm_lin,30,0.01,na,0,2,15,0.5945,0.0678,0.5354,0.0449,0.1932,0.0965,inf,0.4518,0.5264,0.5557
svm_lin,30,0.01,na,0,3,20,0.6294,0.0388,0.5488,0.0517,0.2453,0.0508,0.5899,0.5247,0.6175,0.6572
svm_lin,30,0.01,na,0,4,15,0.6479,0.0244,0.5546,0.0429,0.2707,0.0307,0.6791,0.5818,0.6807,0.7327
svm_lin,30,0.01,na,0,5,6,0.6625,0.017,0.572,0.025,0.2714,0.0259,0.8589,0.7196,0.8366,0.9092
svm_lin,30,0.01,na,0,6,1,0.6658,0.0,0.5607,0.0,0.2743,0.0,0.9576,0.7826,0.9008,0.9648
svm_lin,30,0.1,na,0,1,6,0.5523,0.0597,0.5194,0.0434,0.108,0.1125,inf,0.4043,0.4295,0.4481
svm_lin,30,0.1,na,0,2,15,0.5882,0.0695,0.5239,0.042,0.193,0.1028,inf,0.5094,0.5681,0.5849
svm_lin,30,0.1,na,0,3,20,0.6278,0.0513,0.5456,0.0505,0.2379,0.0696,0.5872,0.5344,0.6388,0.6768
svm_lin,30,0.1,na,0,4,15,0.6603,0.0306,0.5571,0.0518,0.2801,0.0456,0.6937,0.6034,0.7104,0.7654
svm_lin,30,0.1,na,0,5,6,0.6813,0.0195,0.5945,0.0308,0.301,0.0263,0.879,0.688,0.8339,0.9336
svm_lin,30,0.1,na,0,6,1,0.6894,0.0,0.5813,0.0,0.3374,0.0,0.9747,0.7256,0.8825,0.9706
svm_lin,30,1.0,na,0,1,6,0.5677,0.0593,0.503,0.0063,0.1388,0.0921,inf,0.2573,0.2856,0.2811
svm_lin,30,1.0,na,0,2,15,0.5793,0.0723,0.5339,0.0537,0.1746,0.1075,inf,0.5054,0.5711,0.5995
svm_lin,30,1.0,na,0,3,20,0.6254,0.0582,0.5498,0.0506,0.2339,0.0788,0.5258,0.4992,0.6133,0.6504
svm_lin,30,1.0,na,0,4,15,0.6723,0.0315,0.5686,0.0543,0.2927,0.0416,0.6893,0.5825,0.7081,0.7792
svm_lin,30,1.0,na,0,5,6,0.6892,0.0229,0.6058,0.025,0.322,0.0288,0.8219,0.5994,0.7723,0.8843
svm_lin,30,1.0,na,0,6,1,0.7049,0.0,0.5947,0.0,0.3301,0.0,0.8984,0.6613,0.8395,0.9466
svm_lin,40,0.01,na,0,1,6,0.5312,0.0626,0.5198,0.0443,0.093,0.0926,inf,0.4329,0.4634,0.4833
svm_lin,40,0.01,na,0,2,15,0.6163,0.0615,0.5286,0.0432,0.217,0.0887,inf,0.4858,0.5501,0.5785
svm_lin,40,0.01,na,0,3,20,0.6425,0.0428,0.5457,0.0538,0.262,0.049,0.5691,0.4993,0.59,0.6342
svm_lin,40,0.01,na,0,4,15,0.658,0.0361,0.5515,0.0466,0.2841,0.0363,0.6987,0.6029,0.7095,0.7595
svm_lin,40,0.01,na,0,5,6,0.6636,0.0265,0.5609,0.0276,0.2852,0.0332,0.8352,0.7104,0.8268,0.8879
svm_lin,40,0.01,na,0,6,1,0.6748,0.0,0.5583,0.0,0.3107,0.0,0.9698,0.794,0.9068,0.9732
svm_lin,40,0.1,na,0,1,6,0.5353,0.0411,0.5206,0.0461,0.089,0.0882,inf,0.4334,0.4638,0.4855
svm_lin,40,0.1,na,0,2,15,0.5976,0.0631,0.5255,0.0361,0.1888,0.096,inf,0.5064,0.558,0.5776
svm_lin,40,0.1,na,0,3,20,0.6385,0.058,0.5493,0.0516,0.2542,0.0743,0.5942,0.5084,0.615,0.6583
svm_lin,40,0.1,na,0,4,15,0.6777,0.0318,0.5744,0.0519,0.3099,0.045,0.7207,0.5689,0.7053,0.7802
svm_lin,40,0.1,na,0,5,6,0.7057,0.0104,0.5993,0.0379,0.3463,0.0185,0.9104,0.6619,0.8226,0.9368
svm_lin,40,0.1,na,0,6,1,0.7088,0.0,0.6007,0.0,0.3544,0.0,0.9568,0.672,0.8579,0.9603
svm_lin,40,1.0,na,0,1,6,0.5465,0.0407,0.502,0.0136,0.1064,0.0735,inf,0.4854,0.4911,0.4948
svm_lin,40,1.0,na,0,2,15,0.5795,0.061,0.539,0.0453,0.1529,0.0976,inf,0.4917,0.5635,0.6011
svm_lin,40,1.0,na,0,3,20,0.6277,0.0724,0.5513,0.0543,0.237,0.097,0.5139,0.4955,0.5985,0.6408
svm_lin,40,1.0,na,0,4,15,0.6888,0.0273,0.6035,0.0508,0.3173,0.0445,0.7191,0.5285,0.6837,0.7942
svm_lin,40,1.0,na,0,5,6,0.7185,0.0118,0.6272,0.0473,0.358,0.0134,0.7473,0.5476,0.7237,0.8573
svm_lin,40,1.0,na,0,6,1,0.7438,0.0,0.6177,0.0,0.3811,0.0,0.9265,0.6121,0.8009,0.934
svm_lin,54,0.01,na,0,1,6,0.5298,0.0581,0.5095,0.0213,0.0825,0.0882,inf,0.4689,0.4819,0.4952
svm_lin,54,0.01,na,0,2,15,0.5946,0.09,0.527,0.0417,0.2094,0.0993,inf,0.4849,0.5448,0.5703
svm_lin,54,0.01,na,0,3,20,0.6397,0.0593,0.544,0.0573,0.2625,0.0774,0.5301,0.5052,0.5907,0.6301
svm_lin,54,0.01,na,0,4,15,0.663,0.0422,0.5544,0.0411,0.2992,0.0512,0.7037,0.616,0.7307,0.7809
svm_lin,54,0.01,na,0,5,6,0.6734,0.027,0.5649,0.0375,0.3139,0.0342,0.8925,0.7473,0.8735,0.932
svm_lin,54,0.01,na,0,6,1,0.6791,0.0,0.5461,0.0,0.3228,0.0,0.9737,0.8286,0.9396,0.9817
svm_lin,54,0.1,na,0,1,6,0.5441,0.037,0.5127,0.0285,0.089,0.062,inf,0.4423,0.4653,0.4749
svm_lin,54,0.1,na,0,2,15,0.5959,0.084,0.5306,0.0449,0.2095,0.1094,inf,0.5106,0.5685,0.5969
svm_lin,54,0.1,na,0,3,20,0.629,0.073,0.541,0.0462,0.2455,0.0916,0.5697,0.5418,0.6319,0.6686
svm_lin,54,0.1,na,0,4,15,0.6811,0.0367,0.5735,0.0547,0.3089,0.0571,0.6896,0.5755,0.7023,0.7825
svm_lin,54,0.1,na,0,5,6,0.7104,0.0168,0.6062,0.0408,0.3422,0.0287,0.841,0.6673,0.8086,0.9304
svm_lin,54,0.1,na,0,6,1,0.7314,0.0,0.5752,0.0,0.3738,0.0,0.9818,0.7578,0.8818,0.9768
svm_lin,54,1.0,na,0,1,6,0.5196,0.0712,0.4905,0.0306,0.0951,0.0797,inf,0.5105,0.4998,0.4847
svm_lin,54,1.0,na,0,2,15,0.584,0.0801,0.5245,0.0382,0.1638,0.1096,inf,0.5287,0.5743,0.5986
svm_lin,54,1.0,na,0,3,20,0.6283,0.0839,0.5582,0.0533,0.2409,0.1004,0.6369,0.5893,0.6864,0.7442
svm_lin,54,1.0,na,0,4,15,0.6828,0.0419,0.5854,0.0505,0.3083,0.0654,0.7594,0.5949,0.7149,0.82
svm_lin,54,1.0,na,0,5,6,0.7103,0.024,0.6175,0.035,0.3321,0.0521,0.8504,0.6133,0.7458,0.8961
svm_lin,54,1.0,na,0,6,1,0.7376,0.0,0.6068,0.0,0.3568,0.0,0.8948,0.6667,0.7975,0.9487
svm_rbf,10,0.1,auto,0,1,6,0.4541,0.0727,0.501,0.0023,0.0044,0.01,inf,0.333,0.336,0.3323
svm_rbf,10,0.1,auto,0,2,15,0.5194,0.1147,0.5007,0.0022,0.1172,0.1358,inf,0.2167,0.2173,0.2177
svm_rbf,10,0.1,auto,0,3,20,0.5197,0.1253,0.4966,0.0163,0.1504,0.122,inf,0.2095,0.2093,0.2105
svm_rbf,10,0.1,auto,0,4,15,0.5132,0.1182,0.5,0.0,0.1301,0.1284,inf,0.1942,0.1945,0.1946
svm_rbf,10,0.1,auto,0,5,6,0.4829,0.1221,0.5,0.0,0.11,0.1159,0.1943,0.1879,0.1882,0.1879
svm_rbf,10,0.1,auto,0,6,1,0.413,0.0,0.5,0.0,0.0728,0.0,0.1989,0.1924,0.1925,0.1921
svm_rbf,10,0.1,scale,0,1,6,0.4541,0.0727,0.501,0.0023,0.0044,0.01,inf,0.333,0.336,0.3323
svm_rbf,10,0.1,scale,0,2,15,0.5193,0.1147,0.5007,0.0022,0.1172,0.1358,inf,0.2167,0.2173,0.2177
svm_rbf,10,0.1,scale,0,3,20,0.5218,0.1254,0.4966,0.0163,0.1532,0.1213,inf,0.2095,0.2093,0.2105
svm_rbf,10,0.1,scale,0,4,15,0.5132,0.1182,0.5,0.0,0.1301,0.1284,inf,0.1942,0.1945,0.1946
svm_rbf,10,0.1,scale,0,5,6,0.4829,0.1221,0.5,0.0,0.11,0.1159,0.1943,0.1879,0.1882,0.1879
svm_rbf,10,0.1,scale,0,6,1,0.413,0.0,0.5,0.0,0.0728,0.0,0.1989,0.1924,0.1925,0.1921
svm_rbf,10,1.0,auto,0,1,6,0.4572,0.0703,0.5008,0.0018,0.0036,0.0081,inf,0.3305,0.3351,0.33
svm_rbf,10,1.0,auto,0,2,15,0.5168,0.1372,0.4974,0.0114,0.1176,0.1521,inf,0.1954,0.1962,0.1976
svm_rbf,10,1.0,auto,0,3,20,0.4839,0.1247,0.5012,0.0245,0.1152,0.1127,inf,0.1675,0.1672,0.1696
svm_rbf,10,1.0,auto,0,4,15,0.5052,0.1267,0.501,0.0028,0.1186,0.1291,inf,0.1451,0.146,0.1456
svm_rbf,10,1.0,auto,0,5,6,0.4594,0.1268,0.5014,0.0032,0.0874,0.124,0.1598,0.1363,0.1378,0.1348
svm_rbf,10,1.0,auto,0,6,1,0.3839,0.0,0.5,0.0,0.0461,0.0,0.1343,0.1037,0.1049,0.1019
svm_rbf,10,1.0,scale,0,1,6,0.4572,0.0703,0.5008,0.0018,0.0036,0.0081,inf,0.3305,0.3351,0.33
svm_rbf,10,1.0,scale,0,2,15,0.5162,0.1373,0.4974,0.0114,0.1168,0.1527,inf,0.1954,0.1962,0.1976
svm_rbf,10,1.0,scale,0,3,20,0.4838,0.1248,0.5012,0.0245,0.1152,0.1127,inf,0.1675,0.1672,0.1696
svm_rbf,10,1.0,scale,0,4,15,0.5052,0.1267,0.501,0.0028,0.1186,0.1291,inf,0.1451,0.146,0.1456
svm_rbf,10,1.0,scale,0,5,6,0.4594,0.1268,0.5014,0.0032,0.0874,0.124,0.1598,0.1363,0.1378,0.1348
svm_rbf,10,1.0,scale,0,6,1,0.3839,0.0,0.5,0.0,0.0461,0.0,0.1343,0.1037,0.1049,0.1019
svm_rbf,10,10.0,auto,0,1,6,0.4957,0.0246,0.5004,0.0009,0.034,0.0667,inf,0.2597,0.2661,0.2594
svm_rbf,10,10.0,auto,0,2,15,0.4968,0.1142,0.5011,0.0031,0.0985,0.1214,inf,0.1784,0.1785,0.18
svm_rbf,10,10.0,auto,0,3,20,0.4997,0.1414,0.5016,0.0044,0.1329,0.1315,inf,0.1571,0.1536,0.1593
svm_rbf,10,10.0,auto,0,4,15,0.4772,0.1329,0.5002,0.0006,0.1042,0.1314,inf,0.1095,0.1113,0.1101
svm_rbf,10,10.0,auto,0,5,6,0.4167,0.091,0.5,0.0,0.0587,0.0721,0.136,0.094,0.0967,0.0922
svm_rbf,10,10.0,auto,0,6,1,0.3366,0.0,0.5,0.0,0.0267,0.0,0.0321,0.0197,0.0204,0.0181
svm_rbf,10,10.0,scale,0,1,6,0.4958,0.0247,0.5004,0.0009,0.0336,0.0658,inf,0.2597,0.2661,0.2594
svm_rbf,10,10.0,scale,0,2,15,0.4968,0.1142,0.5011,0.0031,0.0985,0.1214,inf,0.1784,0.1785,0.18
svm_rbf,10,10.0,scale,0,3,20,0.5,0.1416,0.5016,0.0044,0.1318,0.1299,inf,0.1571,0.1536,0.1593
svm_rbf,10,10.0,scale,0,4,15,0.4772,0.1329,0.5002,0.0006,0.1042,0.1314,inf,0.1095,0.1113,0.1101
svm_rbf,10,10.0,scale,0,5,6,0.4167,0.091,0.5,0.0,0.0587,0.0721,0.136,0.094,0.0967,0.0923
svm_rbf,10,10.0,scale,0,6,1,0.3366,0.0,0.5,0.0,0.0267,0.0,0.0321,0.0197,0.0204,0.0181
svm_rbf,20,0.1,auto,0,1,6,0.5269,0.1046,0.5,0.0,0.0748,0.1567,inf,0.3528,0.3543,0.3533
svm_rbf,20,0.1,auto,0,2,15,0.5064,0.1062,0.5,0.0,0.1275,0.1083,inf,0.2026,0.2031,0.2032
svm_rbf,20,0.1,auto,0,3,20,0.5004,0.1483,0.5,0.0,0.1661,0.1285,0.1681,0.1666,0.1666,0.1675
svm_rbf,20,0.1,auto,0,4,15,0.4802,0.1495,0.5,0.0,0.1497,0.1371,0.144,0.1418,0.1416,0.1422
svm_rbf,20,0.1,auto,0,5,6,0.4435,0.0963,0.5,0.0,0.1121,0.0757,0.1271,0.1256,0.1253,0.126
svm_rbf,20,0.1,auto,0,6,1,0.3763,0.0,0.5,0.0,0.0558,0.0,0.1231,0.1229,0.1229,0.1228
svm_rbf,20,0.1,scale,0,1,6,0.5269,0.1046,0.5,0.0,0.0748,0.1567,inf,0.3528,0.3543,0.3533
svm_rbf,20,0.1,scale,0,2,15,0.5058,0.104,0.5,0.0,0.1228,0.1049,inf,0.2026,0.2031,0.2032
svm_rbf,20,0.1,scale,0,3,20,0.4985,0.1483,0.5,0.0,0.1623,0.1287,0.1681,0.1666,0.1666,0.1675
svm_rbf,20,0.1,scale,0,4,15,0.4794,0.1483,0.5,0.0,0.1482,0.1343,0.144,0.1418,0.1416,0.1422
svm_rbf,20,0.1,scale,0,5,6,0.4435,0.0963,0.5,0.0,0.1121,0.0757,0.1271,0.1256,0.1253,0.126
svm_rbf,20,0.1,scale,0,6,1,0.3763,0.0,0.5,0.0,0.0558,0.0,0.1231,0.1229,0.1229,0.1228
svm_rbf,20,1.0,auto,0,1,6,0.5023,0.06,0.5,0.0,0.0461,0.0988,inf,0.4102,0.412,0.4107
svm_rbf,20,1.0,auto,0,2,15,0.4643,0.114,0.5003,0.0012,0.0917,0.0997,inf,0.1944,0.1957,0.1963
svm_rbf,20,1.0,auto,0,3,20,0.4478,0.1529,0.5,0.0,0.1269,0.1329,0.1093,0.1119,0.1119,0.1123
svm_rbf,20,1.0,auto,0,4,15,0.4016,0.121,0.5,0.0,0.0846,0.1075,0.1008,0.0946,0.0947,0.0942
svm_rbf,20,1.0,auto,0,5,6,0.3548,0.0585,0.5,0.0,0.0473,0.0476,0.0911,0.0868,0.0856,0.0855
svm_rbf,20,1.0,auto,0,6,1,0.3321,0.0,0.5,0.0,0.017,0.0,0.0827,0.0821,0.0822,0.0819
svm_rbf,20,1.0,scale,0,1,6,0.5023,0.06,0.5,0.0,0.0461,0.0988,inf,0.4102,0.412,0.4107
svm_rbf,20,1.0,scale,0,2,15,0.4666,0.1141,0.5003,0.0012,0.0964,0.0966,inf,0.1944,0.1957,0.1963
svm_rbf,20,1.0,scale,0,3,20,0.4471,0.1509,0.5,0.0,0.125,0.1302,0.1093,0.1119,0.1119,0.1123
svm_rbf,20,1.0,scale,0,4,15,0.4019,0.1217,0.5,0.0,0.0848,0.1081,0.1008,0.0946,0.0947,0.0942
svm_rbf,20,1.0,scale,0,5,6,0.3548,0.0585,0.5,0.0,0.0473,0.0476,0.0911,0.0868,0.0856,0.0855
svm_rbf,20,1.0,scale,0,6,1,0.3321,0.0,0.5,0.0,0.017,0.0,0.0827,0.0821,0.0822,0.0819
svm_rbf,20,10.0,auto,0,1,6,0.4439,0.0939,0.5002,0.0005,0.0032,0.0062,inf,0.3986,0.4012,0.3994
svm_rbf,20,10.0,auto,0,2,15,0.4991,0.1431,0.5015,0.0049,0.1191,0.1355,inf,0.201,0.2011,0.2034
svm_rbf,20,10.0,auto,0,3,20,0.4613,0.1661,0.5001,0.0005,0.1328,0.1471,inf,0.1043,0.1029,0.1053
svm_rbf,20,10.0,auto,0,4,15,0.3607,0.1151,0.5,0.0,0.0547,0.1024,inf,0.073,0.0734,0.0712
svm_rbf,20,10.0,auto,0,5,6,0.3304,0.0458,0.5,0.0,0.0324,0.0396,inf,0.0661,0.0651,0.0641
svm_rbf,20,10.0,auto,0,6,1,0.3359,0.0,0.5,0.0,0.0146,0.0,0.09,0.0886,0.0889,0.0882
svm_rbf,20,10.0,scale,0,1,6,0.4439,0.094,0.5002,0.0005,0.0032,0.0062,inf,0.3986,0.4012,0.3994
svm_rbf,20,10.0,scale,0,2,15,0.5046,0.1426,0.5015,0.0049,0.1249,0.1319,inf,0.201,0.2011,0.2034
svm_rbf,20,10.0,scale,0,3,20,0.4604,0.1652,0.5001,0.0005,0.1316,0.1469,inf,0.1043,0.1029,0.1054
svm_rbf,20,10.0,scale,0,4,15,0.3597,0.1117,0.5,0.0,0.0549,0.1029,inf,0.073,0.0734,0.0712
svm_rbf,20,10.0,scale,0,5,6,0.3304,0.0458,0.5,0.0,0.0324,0.0396,inf,0.0661,0.0651,0.0641
svm_rbf,20,10.0,scale,0,6,1,0.3359,0.0,0.5,0.0,0.0146,0.0,0.0899,0.0886,0.0889,0.0882
svm_rbf,30,0.1,auto,0,1,6,0.5123,0.1344,0.5,0.0,0.0979,0.1385,inf,0.3547,0.3547,0.3547
svm_rbf,30,0.1,auto,0,2,15,0.5171,0.1449,0.5,0.0,0.1691,0.1373,inf,0.1971,0.197,0.197
svm_rbf,30,0.1,auto,0,3,20,0.4378,0.1404,0.5,0.0,0.1208,0.1243,inf,0.1534,0.1534,0.1534
svm_rbf,30,0.1,auto,0,4,15,0.4045,0.1056,0.5,0.0,0.0882,0.0879,0.122,0.1217,0.1217,0.1216
svm_rbf,30,0.1,auto,0,5,6,0.3523,0.0404,0.5,0.0,0.0538,0.0411,0.0961,0.096,0.096,0.0959
svm_rbf,30,0.1,auto,0,6,1,0.2912,0.0,0.5,0.0,0.0024,0.0,0.0894,0.0895,0.0895,0.0895
svm_rbf,30,0.1,scale,0,1,6,0.5354,0.1219,0.5,0.0,0.123,0.1453,inf,0.3547,0.3547,0.3547
svm_rbf,30,0.1,scale,0,2,15,0.5208,0.1481,0.5,0.0,0.1731,0.1426,inf,0.1971,0.197,0.197
svm_rbf,30,0.1,scale,0,3,20,0.4354,0.1358,0.5,0.0,0.1191,0.1205,inf,0.1535,0.1534,0.1534
svm_rbf,30,0.1,scale,0,4,15,0.4045,0.1056,0.5,0.0,0.0882,0.0879,0.122,0.1217,0.1217,0.1216
svm_rbf,30,0.1,scale,0,5,6,0.3523,0.0404,0.5,0.0,0.0538,0.0411,0.0961,0.096,0.096,0.0959
svm_rbf,30,0.1,scale,0,6,1,0.2912,0.0,0.5,0.0,0.0024,0.0,0.0894,0.0895,0.0895,0.0895
svm_rbf,30,1.0,auto,0,1,6,0.5753,0.1174,0.5,0.0,0.18,0.1609,inf,0.3896,0.3896,0.3896
svm_rbf,30,1.0,auto,0,2,15,0.4754,0.1459,0.5,0.0,0.1387,0.1289,inf,0.2013,0.2013,0.2012
svm_rbf,30,1.0,auto,0,3,20,0.3834,0.1285,0.5,0.0,0.0789,0.1088,0.118,0.1176,0.1177,0.1172
svm_rbf,30,1.0,auto,0,4,15,0.3246,0.0331,0.5,0.0,0.0341,0.0348,0.0852,0.0836,0.0838,0.0831
svm_rbf,30,1.0,auto,0,5,6,0.2961,0.011,0.5,0.0,0.0138,0.0085,0.0684,0.0684,0.0684,0.0681
svm_rbf,30,1.0,auto,0,6,1,0.2828,0.0,0.5,0.0,0.0024,0.0,0.0562,0.0566,0.0566,0.0565
svm_rbf,30,1.0,scale,0,1,6,0.5313,0.1037,0.5,0.0,0.1177,0.1352,inf,0.3896,0.3896,0.3896
svm_rbf,30,1.0,scale,0,2,15,0.4764,0.1451,0.5,0.0,0.1317,0.1197,inf,0.2013,0.2013,0.2012
svm_rbf,30,1.0,scale,0,3,20,0.3818,0.1247,0.5,0.0,0.0777,0.1059,0.118,0.1176,0.1177,0.1172
svm_rbf,30,1.0,scale,0,4,15,0.3246,0.033,0.5,0.0,0.0341,0.0348,0.0852,0.0836,0.0838,0.0831
svm_rbf,30,1.0,scale,0,5,6,0.2961,0.011,0.5,0.0,0.0138,0.0085,0.0684,0.0684,0.0684,0.0681
svm_rbf,30,1.0,scale,0,6,1,0.2828,0.0,0.5,0.0,0.0024,0.0,0.0562,0.0566,0.0566,0.0565
svm_rbf,30,10.0,auto,0,1,6,0.5039,0.1328,0.5,0.0,0.104,0.1287,inf,0.3407,0.3407,0.3406
svm_rbf,30,10.0,auto,0,2,15,0.445,0.1435,0.5,0.0,0.1144,0.1343,inf,0.1852,0.1855,0.1846
svm_rbf,30,10.0,auto,0,3,20,0.425,0.1657,0.5,0.0,0.116,0.1353,0.0827,0.085,0.0851,0.0845
svm_rbf,30,10.0,auto,0,4,15,0.3364,0.1169,0.5,0.0,0.0426,0.1072,inf,0.0636,0.0639,0.0629
svm_rbf,30,10.0,auto,0,5,6,0.3336,0.081,0.5,0.0,0.0283,0.027,0.0746,0.0738,0.0739,0.0732
svm_rbf,30,10.0,auto,0,6,1,0.2919,0.0,0.5,0.0,0.0024,0.0,0.0599,0.0611,0.0611,0.061
svm_rbf,30,10.0,scale,0,1,6,0.5201,0.1474,0.5,0.0,0.1404,0.1721,inf,0.3406,0.3406,0.3405
svm_rbf,30,10.0,scale,0,2,15,0.4497,0.1474,0.5,0.0,0.1162,0.1366,inf,0.1852,0.1855,0.1846
svm_rbf,30,10.0,scale,0,3,20,0.4265,0.1673,0.5,0.0,0.1161,0.1348,0.0827,0.085,0.0852,0.0845
svm_rbf,30,10.0,scale,0,4,15,0.3364,0.1169,0.5,0.0,0.0426,0.1072,inf,0.0636,0.0639,0.0629
svm_rbf,30,10.0,scale,0,5,6,0.3336,0.081,0.5,0.0,0.0283,0.027,0.0746,0.0738,0.0739,0.0732
svm_rbf,30,10.0,scale,0,6,1,0.2919,0.0,0.5,0.0,0.0024,0.0,0.0599,0.0611,0.0611,0.061
svm_rbf,40,0.1,auto,0,1,6,0.5351,0.1472,0.5,0.0,0.1177,0.1656,inf,0.3276,0.3276,0.3276
svm_rbf,40,0.1,auto,0,2,15,0.4809,0.1451,0.5,0.0,0.1322,0.1284,inf,0.2131,0.2131,0.2131
svm_rbf,40,0.1,auto,0,3,20,0.4033,0.1162,0.5,0.0,0.0928,0.1035,0.1517,0.1514,0.1514,0.1512
svm_rbf,40,0.1,auto,0,4,15,0.3588,0.0653,0.5,0.0,0.0506,0.0599,inf,0.1134,0.1134,0.1132
svm_rbf,40,0.1,auto,0,5,6,0.3316,0.0296,0.5,0.0,0.0328,0.0333,0.0942,0.0944,0.0944,0.0943
svm_rbf,40,0.1,auto,0,6,1,0.3059,0.0,0.5,0.0,0.0024,0.0,0.0894,0.0902,0.0902,0.0901
svm_rbf,40,0.1,scale,0,1,6,0.5379,0.1505,0.5,0.0,0.1201,0.1704,inf,0.3276,0.3276,0.3276
svm_rbf,40,0.1,scale,0,2,15,0.484,0.1455,0.5,0.0,0.1345,0.1276,inf,0.2131,0.2131,0.2131
svm_rbf,40,0.1,scale,0,3,20,0.4033,0.1161,0.5,0.0,0.0928,0.1035,0.1517,0.1514,0.1514,0.1512
svm_rbf,40,0.1,scale,0,4,15,0.3588,0.0653,0.5,0.0,0.0506,0.0599,inf,0.1134,0.1134,0.1132
svm_rbf,40,0.1,scale,0,5,6,0.3316,0.0296,0.5,0.0,0.0328,0.0333,0.0942,0.0944,0.0944,0.0943
svm_rbf,40,0.1,scale,0,6,1,0.3059,0.0,0.5,0.0,0.0024,0.0,0.0894,0.0902,0.0902,0.0901
svm_rbf,40,1.0,auto,0,1,6,0.5763,0.1048,0.5,0.0,0.159,0.1715,inf,0.3315,0.3315,0.3315
svm_rbf,40,1.0,auto,0,2,15,0.4467,0.1599,0.5,0.0,0.1073,0.1377,inf,0.1972,0.1973,0.1969
svm_rbf,40,1.0,auto,0,3,20,0.3761,0.136,0.5,0.0,0.0791,0.1233,0.1099,0.1095,0.1095,0.1088
svm_rbf,40,1.0,auto,0,4,15,0.3054,0.0233,0.5,0.0,0.0141,0.0175,inf,0.0773,0.0773,0.0768
svm_rbf,40,1.0,auto,0,5,6,0.2878,0.0081,0.5,0.0,0.0073,0.0051,0.0457,0.0471,0.0471,0.0467
svm_rbf,40,1.0,auto,0,6,1,0.2881,0.0,0.5,0.0,0.0024,0.0,0.0454,0.0469,0.047,0.0467
svm_rbf,40,1.0,scale,0,1,6,0.5724,0.0989,0.5,0.0,0.1501,0.1576,inf,0.3315,0.3315,0.3315
svm_rbf,40,1.0,scale,0,2,15,0.4422,0.1569,0.5,0.0,0.1053,0.1354,inf,0.1972,0.1973,0.1969
svm_rbf,40,1.0,scale,0,3,20,0.3761,0.136,0.5,0.0,0.0791,0.1233,0.1099,0.1095,0.1095,0.1088
svm_rbf,40,1.0,scale,0,4,15,0.3054,0.0233,0.5,0.0,0.0141,0.0175,inf,0.0773,0.0773,0.0768
svm_rbf,40,1.0,scale,0,5,6,0.2878,0.0081,0.5,0.0,0.0073,0.0051,0.0457,0.0471,0.0471,0.0467
svm_rbf,40,1.0,scale,0,6,1,0.2881,0.0,0.5,0.0,0.0024,0.0,0.0454,0.0469,0.047,0.0466
svm_rbf,40,10.0,auto,0,1,6,0.5455,0.1405,0.5,0.0,0.1355,0.1908,inf,0.315,0.3151,0.3149
svm_rbf,40,10.0,auto,0,2,15,0.4955,0.1511,0.5,0.0,0.1476,0.1454,inf,0.1625,0.1625,0.1617
svm_rbf,40,10.0,auto,0,3,20,0.3991,0.1436,0.5,0.0,0.0967,0.1305,inf,0.0704,0.0704,0.0692
svm_rbf,40,10.0,auto,0,4,15,0.3345,0.1116,0.5,0.0,0.035,0.0981,0.0556,0.0583,0.0584,0.0576
svm_rbf,40,10.0,auto,0,5,6,0.2758,0.0141,0.5,0.0,0.0032,0.0011,0.0337,0.0399,0.0401,0.0388
svm_rbf,40,10.0,auto,0,6,1,0.288,0.0,0.5,0.0,0.0049,0.0,0.0419,0.0454,0.0456,0.0449
svm_rbf,40,10.0,scale,0,1,6,0.5269,0.1214,0.5,0.0,0.1193,0.1688,inf,0.315,0.3151,0.3149
svm_rbf,40,10.0,scale,0,2,15,0.4908,0.1465,0.5,0.0,0.1417,0.1413,inf,0.1625,0.1625,0.1617
svm_rbf,40,10.0,scale,0,3,20,0.3989,0.1436,0.5,0.0,0.0965,0.1305,inf,0.0704,0.0704,0.0692
svm_rbf,40,10.0,scale,0,4,15,0.3345,0.1116,0.5,0.0,0.035,0.0981,0.0556,0.0583,0.0584,0.0576
svm_rbf,40,10.0,scale,0,5,6,0.2758,0.0141,0.5,0.0,0.0032,0.0011,0.0337,0.0399,0.0401,0.0388
svm_rbf,40,10.0,scale,0,6,1,0.288,0.0,0.5,0.0,0.0049,0.0,0.0418,0.0454,0.0456,0.0449
svm_rbf,54,0.1,auto,0,1,6,0.5546,0.1513,0.5,0.0,0.1493,0.1628,inf,0.3497,0.3497,0.3497
svm_rbf,54,0.1,auto,0,2,15,0.4762,0.1698,0.5,0.0,0.1557,0.147,0.2381,0.2374,0.2374,0.2374
svm_rbf,54,0.1,auto,0,3,20,0.4003,0.1294,0.5,0.0,0.0926,0.1076,inf,0.1595,0.1595,0.1593
svm_rbf,54,0.1,auto,0,4,15,0.3602,0.1055,0.5,0.0,0.0542,0.0851,inf,0.1102,0.1103,0.11
svm_rbf,54,0.1,auto,0,5,6,0.3232,0.0411,0.5,0.0,0.0247,0.0424,0.0735,0.0732,0.0732,0.0729
svm_rbf,54,0.1,auto,0,6,1,0.3054,0.0,0.5,0.0,0.0024,0.0,0.0645,0.0669,0.067,0.0665
svm_rbf,54,0.1,scale,0,1,6,0.5493,0.1511,0.5,0.0,0.1424,0.1642,inf,0.3497,0.3497,0.3497
svm_rbf,54,0.1,scale,0,2,15,0.4747,0.1696,0.5,0.0,0.1539,0.148,0.2381,0.2375,0.2374,0.2374
svm_rbf,54,0.1,scale,0,3,20,0.4003,0.1294,0.5,0.0,0.0925,0.1075,inf,0.1595,0.1595,0.1593
svm_rbf,54,0.1,scale,0,4,15,0.3602,0.1055,0.5,0.0,0.0542,0.0851,inf,0.1102,0.1103,0.11
svm_rbf,54,0.1,scale,0,5,6,0.3232,0.0411,0.5,0.0,0.0247,0.0424,0.0735,0.0732,0.0732,0.0729
svm_rbf,54,0.1,scale,0,6,1,0.3054,0.0,0.5,0.0,0.0024,0.0,0.0645,0.0669,0.067,0.0665
svm_rbf,54,1.0,auto,0,1,6,0.6396,0.1065,0.5,0.0,0.2318,0.1724,inf,0.3294,0.3294,0.3294
svm_rbf,54,1.0,auto,0,2,15,0.4728,0.1961,0.5,0.0,0.155,0.169,0.1809,0.1805,0.1805,0.1803
svm_rbf,54,1.0,auto,0,3,20,0.3604,0.1357,0.5,0.0,0.0655,0.1169,0.1141,0.1151,0.115,0.1146
svm_rbf,54,1.0,auto,0,4,15,0.3049,0.0252,0.5,0.0,0.0138,0.0144,0.0696,0.072,0.072,0.0713
svm_rbf,54,1.0,auto,0,5,6,0.286,0.0137,0.5,0.0,0.0065,0.0059,0.0349,0.0381,0.0382,0.0374
svm_rbf,54,1.0,auto,0,6,1,0.2774,0.0,0.5,0.0,0.0049,0.0,0.0218,0.0256,0.0258,0.0248
svm_rbf,54,1.0,scale,0,1,6,0.621,0.1167,0.5,0.0,0.2071,0.1802,inf,0.3294,0.3294,0.3294
svm_rbf,54,1.0,scale,0,2,15,0.4707,0.1965,0.5,0.0,0.1536,0.1698,0.1809,0.1805,0.1805,0.1803
svm_rbf,54,1.0,scale,0,3,20,0.3604,0.1357,0.5,0.0,0.0655,0.1169,0.1141,0.1151,0.115,0.1146
svm_rbf,54,1.0,scale,0,4,15,0.3049,0.0252,0.5,0.0,0.0138,0.0144,0.0696,0.072,0.072,0.0713
svm_rbf,54,1.0,scale,0,5,6,0.286,0.0137,0.5,0.0,0.0065,0.0059,0.0349,0.0381,0.0382,0.0374
svm_rbf,54,1.0,scale,0,6,1,0.2774,0.0,0.5,0.0,0.0049,0.0,0.0218,0.0256,0.0258,0.0248
svm_rbf,54,10.0,auto,0,1,6,0.5596,0.1473,0.5,0.0,0.1561,0.1736,inf,0.295,0.2951,0.2949
svm_rbf,54,10.0,auto,0,2,15,0.4893,0.1799,0.5,0.0,0.1701,0.1547,0.1411,0.1398,0.1396,0.1392
svm_rbf,54,10.0,auto,0,3,20,0.3906,0.1462,0.5,0.0,0.0831,0.1288,0.066,0.0652,0.065,0.0643
svm_rbf,54,10.0,auto,0,4,15,0.3415,0.1192,0.5,0.0,0.0442,0.0934,0.0336,0.0319,0.0319,0.0306
svm_rbf,54,10.0,auto,0,5,6,0.2833,0.0072,0.5,0.0,0.0049,0.0014,0.0125,0.0133,0.0133,0.0123
svm_rbf,54,10.0,auto,0,6,1,0.2697,0.0,0.5,0.0,0.0049,0.0,0.007,0.0119,0.012,0.0107
svm_rbf,54,10.0,scale,0,1,6,0.5714,0.151,0.5,0.0,0.176,0.1799,inf,0.295,0.2951,0.2949
svm_rbf,54,10.0,scale,0,2,15,0.4892,0.1799,0.5,0.0,0.1706,0.1549,0.1411,0.1398,0.1396,0.1391
svm_rbf,54,10.0,scale,0,3,20,0.3906,0.1463,0.5,0.0,0.0831,0.1288,0.066,0.0652,0.065,0.0643
svm_rbf,54,10.0,scale,0,4,15,0.3415,0.1192,0.5,0.0,0.0442,0.0934,0.0336,0.0319,0.0319,0.0306
svm_rbf,54,10.0,scale,0,5,6,0.2833,0.0071,0.5,0.0,0.0049,0.0014,0.0125,0.0133,0.0133,0.0123
svm_rbf,54,10.0,scale,0,6,1,0.2697,0.0,0.5,0.0,0.0049,0.0,0.007,0.0119,0.012,0.0107
